{
  "name": "Recipe Ops Tester",
  "description": "When there is a trigger on a specified schedule, do action",
  "version": 2,
  "private": true,
  "concurrency": 1,
  "code": {
    "number": 0,
    "provider": "clock",
    "name": "scheduled_event",
    "as": "07e03f2d",
    "title": null,
    "description": "<span class=\"provider\">Trigger</span> every 5 minutes",
    "keyword": "trigger",
    "dynamicPickListSelection": {
    },
    "toggleCfg": {
    },
    "input": {
      "time_unit": "minutes",
      "trigger_every": "5"
    },
    "extended_input_schema": [
      {
        "type": "string",
        "name": "trigger_every",
        "control_type": "integer",
        "label": "Trigger every",
        "hint": "Define repeating schedule. Enter whole numbers only.\n                        This field can be set to a minimum of 5 minutes.",
        "default": "5",
        "optional": false,
        "extends_schema": true
      },
      {
        "type": "date_time",
        "name": "start_after",
        "control_type": "date_time",
        "label": "Start after",
        "hint": "Set date and time to start or leave blank to start immediately. <b>Once recipe has been run or tested, value cannot be changed.</b>",
        "optional": true,
        "extends_schema": true,
        "since_field": true,
        "render_input": "date_time_conversion",
        "parse_output": "date_time_conversion"
      }
    ],
    "block": [
      {
        "number": 1,
        "provider": "workato_app",
        "name": "list_jobs",
        "as": "07f43f11",
        "title": null,
        "description": null,
        "keyword": "action",
        "dynamicPickListSelection": {
        },
        "toggleCfg": {
          "recipe_id": false
        },
        "input": {
          "status": "succeeded",
          "recipe_id": "#{_('data.workato.job_context.recipe_id')}",
          "started_at_to": "#{_('data.workato.job_context.job_created_at')}"
        },
        "extended_output_schema": [
          {
            "type": "array",
            "name": "jobs",
            "label": "Jobs",
            "of": "object",
            "properties": [
              {
                "control_type": "text",
                "label": "Job ID",
                "parse_output": "integer_conversion",
                "type": "integer",
                "name": "id"
              },
              {
                "control_type": "text",
                "label": "Calling job ID",
                "parse_output": "integer_conversion",
                "type": "integer",
                "name": "calling_job_id"
              },
              {
                "control_type": "text",
                "label": "Status",
                "type": "string",
                "name": "status"
              },
              {
                "control_type": "text",
                "label": "Title",
                "type": "string",
                "name": "title"
              },
              {
                "control_type": "text",
                "label": "Started at",
                "render_input": "date_time_conversion",
                "parse_output": "date_time_conversion",
                "type": "date_time",
                "name": "started_at"
              },
              {
                "control_type": "text",
                "label": "Completed at",
                "render_input": "date_time_conversion",
                "parse_output": "date_time_conversion",
                "type": "date_time",
                "name": "completed_at"
              },
              {
                "control_type": "text",
                "label": "Recipe ID",
                "parse_output": "integer_conversion",
                "type": "integer",
                "name": "flow_id"
              },
              {
                "properties": [
                  {
                    "control_type": "text",
                    "label": "Error ID",
                    "type": "string",
                    "name": "error_id"
                  },
                  {
                    "control_type": "text",
                    "label": "Error type",
                    "type": "string",
                    "name": "error_type"
                  },
                  {
                    "control_type": "text",
                    "label": "Error message",
                    "type": "string",
                    "name": "message"
                  }
                ],
                "label": "Error",
                "type": "object",
                "name": "error"
              }
            ]
          }
        ],
        "visible_config_fields": [
          "recipe_id",
          "status",
          "started_at_from",
          "started_at_to"
        ],
        "uuid": "7642c800-4e42-4fee-b0a8-cc55aae40884"
      },
      {
        "number": 2,
        "provider": "workato_custom_code",
        "name": "invoke_custom_ruby_code",
        "as": "23c34367",
        "title": null,
        "description": "Execute <span class=\"provider\">ruby</span> code: <span class=\"provider\">#{_('data.workato_app.07f43f11.jobs.first.title')}</span>",
        "keyword": "action",
        "dynamicPickListSelection": {
        },
        "toggleCfg": {
        },
        "input": {
          "code": " {\n   start_date: \n\t\t   output=workato.parse_json(input[\"job_code\"])[\"jobs\"][0][\"started_at\"],\n   end_date:\n   \t   output=workato.parse_json(input[\"job_code\"])[\"jobs\"][0][\"completed_at\"]\n   \n   \n }\n",
          "name": "#{_('data.workato_app.07f43f11.jobs.first.title')}",
          "code_input": {
            "schema": "[{\"name\":\"job_code\",\"type\":\"string\",\"optional\":true,\"label\":\"job_code\",\"control_type\":\"text\"}]",
            "data": {
              "job_code": "=_('data.workato_app.07f43f11').to_json"
            }
          },
          "code_output_schema_json": "[{\"name\":\"start_date\",\"type\":\"string\",\"optional\":false,\"control_type\":\"text\"},{\"name\":\"end_date\",\"type\":\"string\",\"optional\":false,\"control_type\":\"text\"}]"
        },
        "extended_output_schema": [
          {
            "type": "object",
            "name": "output",
            "label": "Output",
            "properties": [
              {
                "control_type": "text",
                "label": "Start date",
                "name": "start_date",
                "type": "string",
                "optional": false
              },
              {
                "control_type": "text",
                "label": "End date",
                "name": "end_date",
                "type": "string",
                "optional": false
              }
            ]
          }
        ],
        "extended_input_schema": [
          {
            "type": "object",
            "name": "code_input",
            "control_type": "form-schema-builder",
            "label": "Input",
            "sticky": true,
            "optional": true,
            "properties": [
              {
                "control_type": "text",
                "label": "Schema",
                "extends_schema": true,
                "type": "string",
                "name": "schema"
              },
              {
                "properties": [
                  {
                    "control_type": "text",
                    "label": "job_code",
                    "name": "job_code",
                    "type": "string",
                    "optional": true
                  }
                ],
                "label": "Data",
                "type": "object",
                "name": "data"
              }
            ],
            "override": true
          }
        ],
        "visible_config_fields": [
          "code_input",
          "code_output_schema_json",
          "code",
          "code_input.data.job_code"
        ],
        "uuid": "d22b4836-f824-42e0-b292-21e1d2595a37"
      },
      {
        "number": 3,
        "provider": "logger",
        "name": "log_message",
        "as": "bf97af33",
        "keyword": "action",
        "dynamicPickListSelection": {
        },
        "toggleCfg": {
        },
        "input": {
          "message": "=_('data.workato_custom_code.23c34367.output.start_date') + \" ----- \"  + _('data.workato_custom_code.23c34367.output.end_date')"
        },
        "uuid": "396956f3-788a-42aa-9109-2e5ebb63a6f9"
      }
    ],
    "uuid": "077c2b63-6167-406b-94f8-6c9b3dd63e34"
  },
  "config": [
    {
      "keyword": "application",
      "provider": "clock",
      "skip_validation": false,
      "account_id": null
    },
    {
      "keyword": "application",
      "provider": "logger",
      "skip_validation": false,
      "account_id": null
    },
    {
      "keyword": "application",
      "provider": "workato_app",
      "account_id": {
        "zip_name": "Ergin Lab Area/my_recipeops_by_workato_account.connection.json",
        "name": "My RecipeOps by Workato account",
        "folder": "Ergin Lab Area"
      },
      "skip_validation": false
    },
    {
      "keyword": "application",
      "provider": "workato_custom_code",
      "skip_validation": false,
      "account_id": null
    }
  ]
}