{
  "name": "Klaviyo-Output-Complete-v1.1",
  "description": "When there is a trigger event, do action",
  "version": 1,
  "private": true,
  "concurrency": 1,
  "code": {
    "number": 0,
    "provider": "sftp",
    "name": "new_csv_file",
    "as": "0ba8f323",
    "title": null,
    "description": null,
    "keyword": "trigger",
    "dynamicPickListSelection": {
      "directory": {
        "ids": [
          "/"
        ],
        "titles": [
          "Root directory"
        ]
      }
    },
    "toggleCfg": {
      "directory": true,
      "skip_header_line": true,
      "expected_encoding": true
    },
    "input": {
      "directory": "/",
      "separator": "comma",
      "skip_header_line": "true",
      "max_batch_size": "1000",
      "expected_encoding": "UTF-8",
      "column_value_by": "index",
      "quote_char": "\"",
      "columns": "[]"
    },
    "filter": {
      "conditions": [
        {
          "operand": "is_true",
          "lhs": "=_('data.sftp.0ba8f323.filename').match?(/klaviyo_wk_\\w+_\\d+.csv/)",
          "rhs": "",
          "uuid": "condition-116cbde0-19bb-45c2-a400-2acc80efb222"
        }
      ],
      "operand": "and",
      "type": "compound"
    },
    "extended_output_schema": [
      {
        "type": "string",
        "name": "filename",
        "control_type": "text",
        "label": "Filename"
      },
      {
        "type": "boolean",
        "name": "first_batch",
        "control_type": "checkbox",
        "label": "First batch",
        "toggle_hint": "Select from option list",
        "toggle_field": {
          "label": "First batch",
          "control_type": "text",
          "toggle_hint": "Use custom value",
          "type": "boolean",
          "name": "first_batch"
        },
        "render_input": {
        },
        "parse_output": {
        }
      },
      {
        "type": "boolean",
        "name": "last_batch",
        "control_type": "checkbox",
        "label": "Last batch",
        "toggle_hint": "Select from option list",
        "toggle_field": {
          "label": "Last batch",
          "control_type": "text",
          "toggle_hint": "Use custom value",
          "type": "boolean",
          "name": "last_batch"
        },
        "render_input": {
        },
        "parse_output": {
        }
      },
      {
        "type": "array",
        "name": "lines",
        "label": "Lines",
        "of": "object",
        "properties": [

        ]
      }
    ],
    "block": [
      {
        "number": 1,
        "provider": "lookup_table",
        "name": "add_entry",
        "as": "849bf8a1",
        "title": null,
        "description": "\n      Add\n      <span class=\"provider\">entry</span>\n      to\n      <span class=\"provider\">batch_audit</span>\n      lookup table\n    ",
        "keyword": "action",
        "dynamicPickListSelection": {
          "lookup_table_id": "batch_audit"
        },
        "toggleCfg": {
        },
        "input": {
          "lookup_table_id": {
            "zip_name": "batch_audit.lookup_table.json",
            "name": "batch_audit",
            "folder": ""
          },
          "parameters": {
            "col1": "#{_('data.workato.job_context.job_id')}",
            "col2": "=now"
          }
        },
        "extended_output_schema": [
          {
            "type": "integer",
            "name": "id",
            "control_type": "number",
            "label": "Entry ID",
            "parse_output": "integer_conversion"
          },
          {
            "type": "object",
            "name": "entry",
            "label": "Entry",
            "properties": [
              {
                "control_type": "text",
                "label": "JobId",
                "name": "col1",
                "type": "string",
                "sticky": true
              },
              {
                "control_type": "text",
                "label": "StartTime",
                "name": "col2",
                "type": "string",
                "sticky": true
              },
              {
                "control_type": "text",
                "label": "EndTime",
                "name": "col3",
                "type": "string",
                "sticky": true
              },
              {
                "control_type": "text",
                "label": "Result",
                "name": "col4",
                "type": "string",
                "sticky": true
              }
            ]
          }
        ],
        "extended_input_schema": [
          {
            "type": "object",
            "name": "parameters",
            "label": "Entry fields",
            "hint": "Fill the fields for the new entry",
            "properties": [
              {
                "control_type": "text",
                "label": "JobId",
                "name": "col1",
                "type": "string",
                "sticky": true,
                "optional": true
              },
              {
                "control_type": "text",
                "label": "StartTime",
                "name": "col2",
                "type": "string",
                "sticky": true,
                "optional": true
              },
              {
                "control_type": "text",
                "label": "EndTime",
                "name": "col3",
                "type": "string",
                "sticky": true,
                "optional": true
              },
              {
                "control_type": "text",
                "label": "Result",
                "name": "col4",
                "type": "string",
                "sticky": true,
                "optional": true
              }
            ]
          }
        ],
        "uuid": "36057b15-da08-4727-956e-9a3cf207b9fe"
      },
      {
        "number": 2,
        "provider": "workato_variable",
        "name": "declare_variable",
        "as": "3e3e332a",
        "title": "  Create variable Success_Count",
        "description": "Create variable <span class=\"provider\">Success_Count</span>",
        "keyword": "action",
        "dynamicPickListSelection": {
        },
        "toggleCfg": {
        },
        "input": {
          "variables": {
            "schema": "[{\"control_type\":\"integer\",\"label\":\"Success_Count\",\"parse_output\":\"float_conversion\",\"name\":\"success_count\",\"type\":\"number\",\"optional\":true}]",
            "data": {
              "success_count": "0"
            }
          }
        },
        "extended_output_schema": [
          {
            "type": "number",
            "name": "success_count",
            "control_type": "integer",
            "label": "Success_Count",
            "optional": true,
            "parse_output": "float_conversion"
          }
        ],
        "extended_input_schema": [
          {
            "type": "object",
            "name": "variables",
            "control_type": "form-schema-builder",
            "label": "Variables",
            "optional": true,
            "properties": [
              {
                "control_type": "text",
                "label": "Schema",
                "extends_schema": true,
                "broadcast_change_event": true,
                "type": "string",
                "name": "schema"
              },
              {
                "properties": [
                  {
                    "control_type": "integer",
                    "label": "Success_Count",
                    "parse_output": "float_conversion",
                    "name": "success_count",
                    "type": "number",
                    "optional": true,
                    "hint": "Defaults to nil if not supplied.",
                    "sticky": true
                  }
                ],
                "label": "Data",
                "type": "object",
                "name": "data"
              }
            ],
            "exclude_fields": [
              "hint"
            ]
          }
        ],
        "visible_config_fields": [
          "variables.data.success_count"
        ],
        "uuid": "0ed80963-73d0-438b-bd5a-98721f3b22b6"
      },
      {
        "number": 3,
        "provider": "workato_variable",
        "name": "declare_variable",
        "as": "c86941eb",
        "title": "  Create variable Error_Count",
        "description": "Create variable <span class=\"provider\">Error_Count</span>",
        "keyword": "action",
        "dynamicPickListSelection": {
        },
        "toggleCfg": {
        },
        "input": {
          "variables": {
            "schema": "[{\"control_type\":\"integer\",\"label\":\"Error_Count\",\"parse_output\":\"float_conversion\",\"name\":\"error_count\",\"type\":\"number\",\"optional\":true}]",
            "data": {
              "error_count": "0"
            }
          }
        },
        "extended_output_schema": [
          {
            "type": "number",
            "name": "error_count",
            "control_type": "integer",
            "label": "Error_Count",
            "optional": true,
            "parse_output": "float_conversion"
          }
        ],
        "extended_input_schema": [
          {
            "type": "object",
            "name": "variables",
            "control_type": "form-schema-builder",
            "label": "Variables",
            "optional": true,
            "properties": [
              {
                "control_type": "text",
                "label": "Schema",
                "extends_schema": true,
                "broadcast_change_event": true,
                "type": "string",
                "name": "schema"
              },
              {
                "properties": [
                  {
                    "control_type": "integer",
                    "label": "Error_Count",
                    "parse_output": "float_conversion",
                    "name": "error_count",
                    "type": "number",
                    "optional": true,
                    "hint": "Defaults to nil if not supplied.",
                    "sticky": true
                  }
                ],
                "label": "Data",
                "type": "object",
                "name": "data"
              }
            ],
            "exclude_fields": [
              "hint"
            ]
          }
        ],
        "visible_config_fields": [
          "variables.data.error_count"
        ],
        "uuid": "b7bd6918-ac0c-47d9-a791-ca8cd05d8a4f"
      },
      {
        "number": 4,
        "provider": "workato_variable",
        "name": "declare_variable",
        "as": "572daca1",
        "title": "  Create variable klaviyo_list_id",
        "description": "Create variable <span class=\"provider\">klaviyo_list_id</span>",
        "keyword": "action",
        "dynamicPickListSelection": {
        },
        "toggleCfg": {
        },
        "input": {
          "variables": {
            "schema": "[{\"control_type\":\"text\",\"label\":\"klaviyo_list_id\",\"name\":\"klaviyo_list_id\",\"type\":\"string\",\"optional\":true}]",
            "data": {
              "klaviyo_list_id": "=_('data.sftp.0ba8f323.filename').scan(/klaviyo_wk_(\\w+)_\\d+.csv/)[0][0]"
            }
          }
        },
        "extended_output_schema": [
          {
            "type": "string",
            "name": "klaviyo_list_id",
            "control_type": "text",
            "label": "klaviyo_list_id",
            "optional": true
          }
        ],
        "extended_input_schema": [
          {
            "type": "object",
            "name": "variables",
            "control_type": "form-schema-builder",
            "label": "Variables",
            "optional": true,
            "properties": [
              {
                "control_type": "text",
                "label": "Schema",
                "extends_schema": true,
                "broadcast_change_event": true,
                "type": "string",
                "name": "schema"
              },
              {
                "properties": [
                  {
                    "control_type": "text",
                    "label": "klaviyo_list_id",
                    "name": "klaviyo_list_id",
                    "type": "string",
                    "optional": true,
                    "hint": "Defaults to nil if not supplied.",
                    "sticky": true
                  }
                ],
                "label": "Data",
                "type": "object",
                "name": "data"
              }
            ],
            "exclude_fields": [
              "hint"
            ]
          }
        ],
        "visible_config_fields": [
          "variables.data.list_id",
          "variables",
          "variables.schema",
          "variables.data",
          "variables.data.klaviyo_list_id"
        ],
        "uuid": "f62a2a5d-5da3-4bda-8053-191440924d57"
      },
      {
        "number": 5,
        "as": "163f0602",
        "keyword": "foreach",
        "dynamicPickListSelection": {
        },
        "toggleCfg": {
        },
        "repeat_mode": "batch",
        "batch_size": "50",
        "clear_scope": "false",
        "input": {
        },
        "block": [
          {
            "number": 6,
            "keyword": "try",
            "dynamicPickListSelection": {
            },
            "toggleCfg": {
            },
            "input": {
            },
            "block": [
              {
                "number": 7,
                "provider": "new_connector_1_connector_568507_1640781154",
                "name": "update_List",
                "as": "c1163187",
                "title": null,
                "description": "<span class=\"provider\">Update list with profiles</span> in <span class=\"provider\">Klaviyo</span>",
                "keyword": "action",
                "dynamicPickListSelection": {
                },
                "toggleCfg": {
                },
                "input": {
                  "list_id": "#{_('data.workato_variable.572daca1.klaviyo_list_id')}",
                  "data": {
                    "profiles": {
                      "____source": "#{_('data.foreach.163f0602.batch')}"
                    },
                    "custom_fields_schema": "[]"
                  }
                },
                "extended_input_schema": [
                  {
                    "type": "string",
                    "name": "list_id",
                    "control_type": "text",
                    "label": "List Id",
                    "optional": false
                  },
                  {
                    "type": "object",
                    "name": "data",
                    "label": "Data",
                    "optional": true,
                    "properties": [
                      {
                        "control_type": "schema-designer",
                        "label": "Custom Fields",
                        "extends_schema": true,
                        "schema_neutral": false,
                        "hint": "Select the custom fields for the klaviyo account",
                        "item_label": "button",
                        "add_field_label": "Add new field",
                        "sample_data_type": "csv",
                        "optional": true,
                        "type": "string",
                        "name": "custom_fields_schema"
                      },
                      {
                        "name": "profiles",
                        "type": "array",
                        "of": "object",
                        "label": "Profiles",
                        "details": {
                          "real_name": "profiles"
                        },
                        "sticky": true,
                        "optional": true,
                        "properties": [
                          {
                            "control_type": "text",
                            "label": "Email",
                            "optional": false,
                            "details": {
                              "real_name": "email"
                            },
                            "type": "string",
                            "name": "email"
                          },
                          {
                            "control_type": "text",
                            "label": "Phone No.",
                            "optional": true,
                            "details": {
                              "real_name": "phone_number"
                            },
                            "type": "string",
                            "name": "phone_number"
                          },
                          {
                            "control_type": "text",
                            "label": "Execution Id",
                            "optional": true,
                            "details": {
                              "real_name": "execution_id"
                            },
                            "type": "string",
                            "name": "execution_id"
                          },
                          {
                            "control_type": "text",
                            "label": "First Name",
                            "optional": true,
                            "details": {
                              "real_name": "first_name"
                            },
                            "type": "string",
                            "name": "first_name"
                          },
                          {
                            "control_type": "text",
                            "label": "Last Name",
                            "optional": true,
                            "details": {
                              "real_name": "last_name"
                            },
                            "type": "string",
                            "name": "last_name"
                          },
                          {
                            "control_type": "text",
                            "label": "Organization",
                            "details": {
                              "real_name": "organization"
                            },
                            "optional": true,
                            "type": "string",
                            "name": "organization"
                          },
                          {
                            "control_type": "text",
                            "label": "Title",
                            "details": {
                              "real_name": "title"
                            },
                            "optional": true,
                            "type": "string",
                            "name": "title"
                          },
                          {
                            "control_type": "text",
                            "label": "Address",
                            "details": {
                              "real_name": "address"
                            },
                            "optional": true,
                            "type": "string",
                            "name": "address"
                          },
                          {
                            "control_type": "text",
                            "label": "Address 2",
                            "details": {
                              "real_name": "address_2"
                            },
                            "optional": true,
                            "type": "string",
                            "name": "address_2"
                          },
                          {
                            "control_type": "text",
                            "label": "City",
                            "details": {
                              "real_name": "city"
                            },
                            "optional": true,
                            "type": "string",
                            "name": "city"
                          },
                          {
                            "control_type": "text",
                            "label": "State / Region",
                            "details": {
                              "real_name": "region"
                            },
                            "optional": true,
                            "type": "string",
                            "name": "region"
                          },
                          {
                            "control_type": "text",
                            "label": "Country",
                            "details": {
                              "real_name": "country"
                            },
                            "optional": true,
                            "type": "string",
                            "name": "country"
                          },
                          {
                            "control_type": "text",
                            "label": "Zip Code",
                            "details": {
                              "real_name": "zip_code"
                            },
                            "optional": true,
                            "type": "string",
                            "name": "zip_code"
                          },
                          {
                            "control_type": "text",
                            "label": "Source",
                            "details": {
                              "real_name": "source"
                            },
                            "optional": true,
                            "type": "string",
                            "name": "source"
                          }
                        ]
                      }
                    ]
                  }
                ],
                "visible_config_fields": [
                  "list_id",
                  "data",
                  "data.profiles",
                  "data.custom_fields_schema"
                ],
                "uuid": "5eed467f-d5d7-4e73-ad84-59820f4c6566"
              },
              {
                "number": 8,
                "provider": "workato_variable",
                "name": "update_variables",
                "as": "bb528841",
                "title": null,
                "description": "Update variables <span class=\"provider\">Success_Count</span>",
                "keyword": "action",
                "dynamicPickListSelection": {
                  "name": "Success_Count (step 3)"
                },
                "toggleCfg": {
                },
                "input": {
                  "name": "0ed80963-73d0-438b-bd5a-98721f3b22b6:3e3e332a:success_count",
                  "success_count": "=_('data.workato_variable.3e3e332a.success_count')+_('data.foreach.163f0602.batch').length"
                },
                "extended_input_schema": [
                  {
                    "type": "number",
                    "name": "success_count",
                    "control_type": "number",
                    "label": "Success_Count",
                    "hint": "Provide a value for the variable. When the value is not supplied, the variable is not updated.<br>To clear the value, set the value to <b>nil</b> in formula mode.",
                    "sticky": true,
                    "optional": true,
                    "parse_output": "float_conversion",
                    "strip_interpolation": true
                  }
                ],
                "uuid": "4bbbefde-155b-4649-ac09-4813bd92fbf4"
              },
              {
                "number": 9,
                "as": "516d7a84",
                "keyword": "catch",
                "dynamicPickListSelection": {
                },
                "toggleCfg": {
                },
                "input": {
                  "max_retry_count": "3",
                  "retry_interval": "1"
                },
                "filter": {
                  "conditions": [
                    {
                      "operand": "is_not_true",
                      "lhs": "=_('data.catch.516d7a84.type').include?(\"401\")",
                      "rhs": "",
                      "uuid": "condition-f0572f6b-e785-46b2-b59d-66e269800f7f"
                    }
                  ],
                  "operand": "and",
                  "type": "compound"
                },
                "block": [
                  {
                    "number": 10,
                    "provider": "logger",
                    "name": "log_message",
                    "as": "b3871733",
                    "keyword": "action",
                    "dynamicPickListSelection": {
                    },
                    "toggleCfg": {
                    },
                    "input": {
                      "message": "#{_('data.catch.516d7a84.message')}"
                    },
                    "uuid": "ba516a11-2c33-4cbd-be3e-bc6ffa7b394a"
                  },
                  {
                    "number": 11,
                    "provider": "workato_variable",
                    "name": "update_variable",
                    "as": "e6556413",
                    "title": null,
                    "description": "Update variable <span class=\"provider\">Error_Count</span>",
                    "keyword": "action",
                    "dynamicPickListSelection": {
                      "name": "Error_Count (step 4)"
                    },
                    "toggleCfg": {
                    },
                    "input": {
                      "name": "b7bd6918-ac0c-47d9-a791-ca8cd05d8a4f:c86941eb:error_count",
                      "value": "=_('data.workato_variable.c86941eb.error_count')+_('data.foreach.163f0602.batch').length"
                    },
                    "extended_input_schema": [
                      {
                        "type": "number",
                        "name": "value",
                        "control_type": "number",
                        "label": "Value",
                        "hint": "Provide a value for the variable. When the value is not supplied, the variable is not updated.<br>To clear the value, set the value to <b>nil</b> in formula mode.",
                        "sticky": true,
                        "optional": true,
                        "parse_output": "float_conversion",
                        "strip_interpolation": true
                      }
                    ],
                    "uuid": "057bd007-0bc3-424e-a7b5-8fd2e4cc7ae4"
                  }
                ],
                "uuid": "19ef91c8-85e1-463f-9213-7a6a65333b67"
              }
            ],
            "uuid": "5d842296-88d6-4d44-bdcd-20e21d48bb0d"
          }
        ],
        "source": "#{_('data.sftp.0ba8f323.lines')}",
        "uuid": "9065fda5-b5a2-4c1f-820d-f258e5093fae"
      },
      {
        "number": 12,
        "provider": "lookup_table",
        "name": "update_entry",
        "as": "d813f194",
        "title": null,
        "description": "\n      Update\n      <span class=\"provider\">entry</span>\n      in\n      <span class=\"provider\">batch_audit</span>\n      lookup table\n    ",
        "keyword": "action",
        "dynamicPickListSelection": {
          "lookup_table_id": "batch_audit"
        },
        "toggleCfg": {
          "ignore_not_found": true
        },
        "input": {
          "ignore_not_found": "false",
          "lookup_table_id": {
            "zip_name": "batch_audit.lookup_table.json",
            "name": "batch_audit",
            "folder": ""
          },
          "id": "#{_('data.lookup_table.849bf8a1.id')}",
          "parameters": {
            "col3": "=now",
            "col4": "{\"success_count\": #{_('data.workato_variable.3e3e332a.success_count')}, \"error_count\": #{_('data.workato_variable.c86941eb.error_count')}}"
          }
        },
        "extended_output_schema": [
          {
            "type": "integer",
            "name": "id",
            "control_type": "number",
            "label": "Entry ID",
            "parse_output": "integer_conversion"
          },
          {
            "type": "object",
            "name": "entry",
            "label": "Entry",
            "properties": [
              {
                "control_type": "text",
                "label": "JobId",
                "name": "col1",
                "type": "string",
                "sticky": true
              },
              {
                "control_type": "text",
                "label": "StartTime",
                "name": "col2",
                "type": "string",
                "sticky": true
              },
              {
                "control_type": "text",
                "label": "EndTime",
                "name": "col3",
                "type": "string",
                "sticky": true
              },
              {
                "control_type": "text",
                "label": "Result",
                "name": "col4",
                "type": "string",
                "sticky": true
              }
            ]
          }
        ],
        "extended_input_schema": [
          {
            "type": "object",
            "name": "parameters",
            "label": "Entry fields",
            "hint": "Fill the fields you want to update",
            "properties": [
              {
                "control_type": "text",
                "label": "JobId",
                "name": "col1",
                "type": "string",
                "sticky": true,
                "optional": true
              },
              {
                "control_type": "text",
                "label": "StartTime",
                "name": "col2",
                "type": "string",
                "sticky": true,
                "optional": true
              },
              {
                "control_type": "text",
                "label": "EndTime",
                "name": "col3",
                "type": "string",
                "sticky": true,
                "optional": true
              },
              {
                "control_type": "text",
                "label": "Result",
                "name": "col4",
                "type": "string",
                "sticky": true,
                "optional": true
              }
            ]
          }
        ],
        "uuid": "3b708f02-538f-4076-8618-349fb8cb1281"
      }
    ],
    "uuid": "52c7a57e-9fc1-45b3-b0a0-a7e59dbe301d"
  },
  "config": [
    {
      "keyword": "application",
      "provider": "sftp",
      "account_id": {
        "zip_name": "Pranjal/pran_workato_sftp_dev_1.connection.json",
        "name": "Pran - Workato - SFTP Dev - 1",
        "folder": "Pranjal"
      },
      "skip_validation": false
    },
    {
      "keyword": "application",
      "provider": "workato_variable",
      "skip_validation": false,
      "account_id": null
    },
    {
      "keyword": "application",
      "provider": "logger",
      "skip_validation": false,
      "account_id": null
    },
    {
      "keyword": "application",
      "provider": "lookup_table",
      "skip_validation": false,
      "account_id": null
    },
    {
      "keyword": "application",
      "provider": "new_connector_1_connector_568507_1640781154",
      "account_id": {
        "zip_name": "Pranjal/klaviyo_completed_pran_1.connection.json",
        "name": "Klaviyo-Completed-Pran-1",
        "folder": "Pranjal",
        "custom": true
      },
      "skip_validation": false
    }
  ]
}